filename,subject_id,signal_disease,identifier
repertoires/repertoire_77.npy,77,False,22c6a92be10a402c83e59c6d9465450a
repertoires/repertoire_68.npy,68,False,5cf9b5b6550e44d287b1957e2a89e55c
repertoires/repertoire_15.npy,15,True,2dfdbf287ac24fe284df5bca62eba3cc
repertoires/repertoire_53.npy,53,False,47b536ccb66a4f62abffc689ff23fdf2
repertoires/repertoire_64.npy,64,False,c001ebd0c78e487793585127f51c9fa7
repertoires/repertoire_43.npy,43,True,dcbda783771f44fb8535874317fb4b46
repertoires/repertoire_42.npy,42,True,c0bd9800a56f43698546e6db3dd2cc82
repertoires/repertoire_69.npy,69,False,a88cea5cee134d73a6c1af1bc2bffef2
repertoires/repertoire_75.npy,75,False,1bb766d2b8f3426f861f8c3215b9c968
repertoires/repertoire_12.npy,12,True,6e39ae14e3cc40409175924e61a35709
repertoires/repertoire_37.npy,37,True,ee5cddab05fb4bac81fede34b37eea19
repertoires/repertoire_56.npy,56,False,d73b8c38faf2412e92883657db455e90
repertoires/repertoire_50.npy,50,True,ff605b054a0648cc85ba65adeb91497b
repertoires/repertoire_2.npy,2,True,177d0e09325e4ae58cc6f6812407a9bc
repertoires/repertoire_45.npy,45,True,6a99e06c969047628478458d04087a90
repertoires/repertoire_26.npy,26,True,e8587fdb52274278abaa0bc33573a889
repertoires/repertoire_19.npy,19,True,547b77f58ad8418a954ea28a8c32e33e
repertoires/repertoire_1.npy,1,True,8cee378058bb40119c464739588d5402
repertoires/repertoire_6.npy,6,True,cfe39f1f212a440fa3657b5d1c152790
repertoires/repertoire_91.npy,91,False,8e7fc56f014b419bb41edddb55063bdc
repertoires/repertoire_36.npy,36,True,6f65ec422dbe40d590304025da0ca2c2
repertoires/repertoire_31.npy,31,True,8ee4ce1188d3415ca7c24216a5441000
repertoires/repertoire_59.npy,59,False,e97a542b5fd549e682f2055904381b0c
repertoires/repertoire_21.npy,21,True,d1a7813a1a374066be39021fe6318cc7
repertoires/repertoire_81.npy,81,False,4e92dc36335048989cbe4b26e0fc9ad4
repertoires/repertoire_88.npy,88,False,f825355711724fb5adb1732f9db2067d
repertoires/repertoire_47.npy,47,True,ecb5f486857f4238861c4956e8e66a56
repertoires/repertoire_4.npy,4,True,1d2608da23594885a163221c26a76837
repertoires/repertoire_74.npy,74,False,cb9f3344d68c4d73aa521f813a8ee32a
repertoires/repertoire_40.npy,40,True,c7630c2379b348adabed133ee7ab07f3
repertoires/repertoire_66.npy,66,False,ecace31c988546adaa8342a4c9698be3
repertoires/repertoire_82.npy,82,False,07f94a6083364926abcf5a1bcfe24625
repertoires/repertoire_23.npy,23,True,a5bd0458dddd4f1eb85a3d76f9ce42c8
repertoires/repertoire_57.npy,57,False,4578fcfd27d040ce83d582380fddc02c
repertoires/repertoire_72.npy,72,False,71d24afb043847a2b3cdc83bce04e7ac
repertoires/repertoire_27.npy,27,True,c2c46216c1894384b7ada919ea100756
repertoires/repertoire_18.npy,18,True,186a1bf40fed4b469744a38ef74e8a41
repertoires/repertoire_9.npy,9,True,d195ae69af44464f850685ab61cffb16
repertoires/repertoire_3.npy,3,True,636fa1e6ed884487995c233fe1602498
repertoires/repertoire_71.npy,71,False,3b8dd5d7a8d040d29a8a1f6fdb2426c5
repertoires/repertoire_41.npy,41,True,61b906c899ce4f13a19b2a600599636f
repertoires/repertoire_93.npy,93,False,622263f5b38b41659feea5922df32747
repertoires/repertoire_60.npy,60,False,0bff058f788040bcbdca1d7923628945
repertoires/repertoire_35.npy,35,True,e51e478adfe042d9940df2670300c45e
repertoires/repertoire_70.npy,70,False,087277def8c84e5f8d5478ead051e31a
repertoires/repertoire_95.npy,95,False,37c5dd011e82482695eb5f15fa1324fd
repertoires/repertoire_73.npy,73,False,f75c6915363d422594b3cc3e1fc1ac17
repertoires/repertoire_65.npy,65,False,61ae5cc482d44101a4dd09c3cd951da4
repertoires/repertoire_78.npy,78,False,c2f23550f4bc4f7a85ebe17e8e514165
repertoires/repertoire_85.npy,85,False,556679bcfd4840979470607d89544f53
repertoires/repertoire_86.npy,86,False,b3286428a7f940499a2884dc9c6b2f9b
repertoires/repertoire_49.npy,49,True,b0680f29ac46477399cfb45f524e2f1b
repertoires/repertoire_8.npy,8,True,e055719f3284468c9f51eb8587616f41
repertoires/repertoire_7.npy,7,True,89af9b36821c4ce9a047fec2af416c8b
repertoires/repertoire_79.npy,79,False,8b64548dabb34630ab6326f142796c55
repertoires/repertoire_97.npy,97,False,9b4a2a6e44d442e28a572486e524c793
repertoires/repertoire_84.npy,84,False,f8a4d34cad8f4710be0cb2f57abf64a1
repertoires/repertoire_30.npy,30,True,e061653f5db04c4d96ce4fb49d22236b
repertoires/repertoire_96.npy,96,False,cf6082cad21a41179f8714bffc5a4ef9
repertoires/repertoire_22.npy,22,True,b3dc075e02fe417d9d2a3e43b83443fc
repertoires/repertoire_28.npy,28,True,1569a5c9c5e74fc3ac1d3f3470d36c4b
repertoires/repertoire_100.npy,100,False,cd68cd839605489986ebcf512b7635f4
repertoires/repertoire_25.npy,25,True,24615833062f424c99c4412e2156dfe2
repertoires/repertoire_98.npy,98,False,fe7a461f2af547b7a9e9733e29cb7e28
repertoires/repertoire_87.npy,87,False,d7a8b6c84d084ffd815a6a9b2dde09d2
repertoires/repertoire_29.npy,29,True,b6b97891754b4fbebd2f29fab8a27470
repertoires/repertoire_5.npy,5,True,1bfccb102be543d199a1c109ba202772
repertoires/repertoire_39.npy,39,True,92e88538334e4cc088b60bff9a59a576
repertoires/repertoire_62.npy,62,False,71c4cb09f84444048da0894610b7e4a5
repertoires/repertoire_55.npy,55,False,77984b0edc7842599580164db53b0c91
